equipment_id,name,rarity_id,type
S0-001,双联装381mm主炮改#T0,4,战列炮
S0-002,410mm连装炮(三式弹)#T0,4,战列炮
S0-003,高性能舵机#T0,4,设备
S0-004,高性能对空雷达#T0,4,设备
S0-005,双联装40mm博福斯海兹梅耶#T0,4,防空炮
S0-006,双联装40mm博福斯STAAG#T0,4,防空炮
S0-007,高性能火控雷达#T0,4,设备
S1-001,试作型三联装152mm主炮#T0,4,轻巡炮
S1-002,试作型三联装203mmSKC主炮#T0,4,重巡炮
S1-003,试作型三联装203mm舰炮#T0,4,重巡炮
S1-004,试作型三联装381mm主炮#T0,4,战列炮
S1-005,试作型410mm三连装炮#T0,4,战列炮
S1-006,100mm连装高炮#T0,4,防空炮
S2-001,试作型三联装152mm高平两用炮Mk17#T0,4,轻巡炮
S2-002,试作型三联装310mm主炮#T0,4,大口径重巡炮
S2-003,试作型双联装457mm主炮MkA#T0,5,战列炮
S2-004,试作型双联装406mmSKC主炮#T0,4,战列炮
S2-005,试作型五式40mm高射机关炮#T0,4,防空炮
S2-006,双联37mm高射炮Mle1936#T0,4,防空炮
S3-001,双联装114mm高平两用炮Mark IV#T0,4,驱逐炮
S3-002,试作型三联装234mm主炮#T0,5,重巡炮
S3-003,试作型双联装234mm主炮#T0,4,重巡炮
S3-004,试作型三联装406mm/50主炮#T0,4,战列炮
S3-005,试作型三联装305mmSKC39主炮#T0,4,战列炮
S3-006,六联装40mm博福斯对空机炮#T0,4,防空炮
S4-001,试作型三联装305mmSKC39主炮(超巡用)#T0,4,大口径重巡炮
S4-002,试作型三联装406mm主炮Model1940#T0,4,战列炮
S4-003,试作型双联90mm高角炮Model1939#T0,4,防空炮
S4-004,试作舰载型BF-109G#T0,4,战斗机
S4-005,试作舰载型天雷#T0,5,轰炸机
S4-006,试作型彩云(舰攻型)#T0,4,鱼雷机
S5-001,试作型双联装130mm主炮Model1936#T0,4,驱逐炮
S5-002,试作型四联装152mm主炮#T0,5,轻巡炮
S5-003,试作型四联装330mm主炮Mle1931(超巡用)#T0,4,大口径重巡炮
S5-004,试作型四联装30mm机炮#T0,4,防空炮
S5-005,试作舰载型Su-2#T0,4,轰炸机
S5-006,试作型VIT-2(VK-107)#T0,4,鱼雷机
S6-001,试作型三联装150mm五式高平两用炮#T0,4,轻巡炮
S6-002,试作型双联装TbtsKC42T式150mm主炮#T0,4,轻巡炮
S6-003,试作型三联装203mmSKC主炮改#T0,5,重巡炮
S6-004,试作型三联装406mm主炮Mk6改#T0,4,战列炮
S6-005,试作型三联装380mm主炮Mle1935#T0,4,战列炮
S6-006,试作型55mm Gerät 58防空炮#T0,4,防空炮
S7-001,试作舰载型La-9#T0,5,战斗机
S7-002,试作型VIT-2（模式调整）#T0,4,鱼雷机
S7-003,试作型三联装254mm主炮Model1939#T0,4,重巡炮
S7-004,试作型三联装152mm主炮Model1936#T0,4,轻巡炮
S7-005,试作型F8F熊猫（浮筒型）#T0,4,水上机
S7-006,试作型双联装410mm主炮Mod.A#T0,4,战列炮
S8-001,试作型B-1-P 三联装180mm主炮Model1932改#T0,4,轻巡炮
S8-002,试作型三联装283mm/54.5主炮#T0,4,大口径重巡炮
S8-003,试作型四联装305mmSKC39主炮#T0,5,战列炮
S8-004,试作型三联装406mm/45主炮Mk7#T0,4,战列炮
S8-005,试作型四联装533毫米鱼雷Si 270#T0,4,水面鱼雷
S8-006,试作型六联装Scotti20mm机炮Model1941#T0,4,防空炮
S9-001,试作舰载型Ta 152C-1/R14#T0,5,轰炸机
S9-002,试作型三联装419mm主炮MK.I#T0,4,战列炮
S9-003,试作型双联装127mm主炮Mle1948#T0,4,驱逐炮
S9-004,试作型双联装127mm高平两用炮Mk16#T0,4,驱逐炮
S9-005,试作型三联装550mm鱼雷改（弹药调整）#T0,4,水面鱼雷
S9-006,试作型四联装610mm鱼雷（巡洋用）#T0,4,水面鱼雷
G0001,双联100mm98式高射炮改#T0,5,驱逐炮
G0002,试作型五式127mm连装炮#T0,5,驱逐炮
G0003,双联装138.6mm主炮Mle1934#T0,5,驱逐炮
G0006,试作型203mm/55三连装主炮#T0,5,重巡炮
G0008,SM-40 试作型三联装220mm主炮#T0,5,重巡炮
G0009,三联装305mm主炮Mk8#T0,5,大口径重巡炮
G0010,三联装406mm主炮Mk7#T0,5,战列炮
G0012,试作型三联装406mm主炮Mk.II#T0,5,战列炮
G0013,460mm三连装炮#T0,5,战列炮
G0015,试作型三联装406mm主炮Model1940改#T0,5,战列炮
G0016,五联装610mm鱼雷#T0,5,水面鱼雷
G0017,五联装533mm磁性鱼雷#T3,5,水面鱼雷
G0018,潜艇用95式纯氧鱼雷改#T0,5,潜艇鱼雷
G0019,潜艇用G7e声导鱼雷改#T0,5,潜艇鱼雷
G0020,双联装76mmRF火炮Mk37#T0,5,防空炮
G0021,双联装57mmL/60博福斯对空机炮Mle1951#T0,5,防空炮
G0023,飞龙(鱼雷机)#T0,5,鱼雷机
G0024,试作型旗鱼#T0,5,鱼雷机
G0025,AD-1天袭者#T0,5,轰炸机
G0028,海军部火控台#T0,5,设备
G0029,Z旗#T0,5,设备
G0030,九三式纯氧鱼雷#T3,5,设备
G0031,双联装127mm高平两用炮Mk12#T3,4,驱逐炮
G0032,试作型双联装137mm高平两用炮Mk1#T0,4,驱逐炮
G0034,双联装120mm高平两用炮Mark XI#T0,4,驱逐炮
G0036,单装113mm高平两用炮Mark IV#T0,4,驱逐炮
G0037,双联100mm98式高射炮#T3,4,驱逐炮
G0038,127mm连装炮（D型）#T0,4,驱逐炮
G0039,双联装128mmSKC41高平两用炮改#T0,4,驱逐炮
G0041,双联装135mm主炮Model1938#T3,4,驱逐炮
G0042,B-13 双联装130mm主炮B-2LM#T3,4,驱逐炮
G0043,138.6mm单装炮Mle1929#T3,4,驱逐炮
G0045,12磅长管炮#T3,4,驱逐炮
G0046,旧式重火炮#T3,4,驱逐炮
G0047,三联装152mm主炮Mk16#T0,4,轻巡炮
G0050,155mm三连装炮#T3,4,轻巡炮
G0051,试作型155mm三连装炮改#T0,4,轻巡炮
G0053,试作型双联装SKC28式150mm主炮改#T0,4,轻巡炮
G0055,三联装152mm主炮Model1934#T3,4,轻巡炮
G0057,B-38 三联装152mm主炮MK-5#T3,4,轻巡炮
G0058,B-1-P 三联装180mm主炮Model1932#T3,4,轻巡炮
G0060,三联装152mm主炮Mle1930(高爆弹)#T0,4,轻巡炮
G0061,三联装203mm主炮Mk15#T0,4,重巡炮
G0063,试作型三联装203mm主炮Mark IX#T0,4,重巡炮
G0064,试作型三联装203mm主炮Mark X#T0,4,重巡炮
G0065,试作型203mm(3号)连装炮#T0,4,重巡炮
G0066,双联装203mmSKC主炮#T3,4,重巡炮
G0068,双联装203mmSKC主炮改#T0,4,重巡炮
G0069,双联203mm主炮Model1927#T3,4,重巡炮
G0071,试作型三联装240mm主炮#T0,4,重巡炮
G0073,双联装203mm主炮Mle1931#T3,4,重巡炮
G0076,B-50 三联装305mm主炮MK-15#T0,4,大口径重巡炮
G0079,试作型三联装406mm主炮MkD#T0,4,战列炮
G0081,试作型双联装406mm主炮Mk4#T0,4,战列炮
G0083,四联装356mm主炮#T3,4,战列炮
G0085,三联装406mm主炮#T3,4,战列炮
G0091,双联380mmSKC主炮#T3,4,战列炮
G0094,试作型三联装380mmSKC主炮#T0,4,战列炮
G0095,三联装381mm主炮Model1934#T3,4,战列炮
G0097,B-37 三联装406mm主炮MK-1#T3,4,战列炮
G0098,四联装380mm主炮Mle1935#T3,4,战列炮
G0101,旧式半加农炮#T3,4,战列炮
G0102,五联装533mm鱼雷#T3,4,水面鱼雷
G0103,五联装533mm鱼雷Mk17#T0,4,水面鱼雷
G0104,533mm鱼雷Mk35(4连发射)#T0,4,水面鱼雷
G0105,五联装533mm鱼雷Mark IX#T0,4,水面鱼雷
G0106,四联装610mm鱼雷#T3,4,水面鱼雷
G0107,四联装610mm鱼雷改#T0,4,水面鱼雷
G0109,四联装533mm磁性鱼雷#T3,4,水面鱼雷
G0110,四联装533mm磁性鱼雷改#T0,4,水面鱼雷
G0111,五联装533mm磁性鱼雷#T2,4,水面鱼雷
G0113,四联装550mm鱼雷改（弹药调整）#T0,4,水面鱼雷
G0114,550mm鱼雷组（三联装+双联装）#T0,4,水面鱼雷
G0116,潜艇用Mark 16鱼雷#T3,4,潜艇鱼雷
G0117,潜艇用Mark 28鱼雷#T0,4,潜艇鱼雷
G0118,潜艇用Mark 12鱼雷-菲里#T0,4,潜艇鱼雷
G0119,潜艇用Mark 20 S鱼雷-彼得#T0,4,潜艇鱼雷
G0120,潜艇用95式纯氧鱼雷#T3,4,潜艇鱼雷
G0121,潜艇用96式纯氧鱼雷#T3,4,潜艇鱼雷
G0122,潜艇用G7e声导鱼雷#T3,4,潜艇鱼雷
G0123,双联装76mmRF火炮Mk27#T0,4,防空炮
G0124,四联40mm博福斯对空机炮#T3,4,防空炮
G0125,双联装127mm高平两用炮Mk12(定时引信)#T0,4,防空炮
G0126,双联装134mm高炮#T0,4,防空炮
G0127,八联装40mm“砰砰”炮#T3,4,防空炮
G0128,双联装113mm高射炮#T3,4,防空炮
G0132,双联装134mm高炮(定时引信)#T0,4,防空炮
G0133,九六式25mm三连装暴风避盾机炮#T0,4,防空炮
G0135,127mm连装高角炮改#T0,4,防空炮
G0137,127mm连装高角炮改(定时引信)#T0,4,防空炮
G0138,80mm98式连装高炮#T0,4,防空炮
G0139,双联105mmSKC高炮#T3,4,防空炮
G0140,双联105mmSKC高炮改进型#T0,4,防空炮
G0141,双联105mmSKC高炮改进型(定时引信)#T0,4,防空炮
G0144,90mm单装高角炮Model1939#T3,4,防空炮
G0148,双联装100mm高炮Mle1945#T0,4,防空炮
G0149,F2A水牛(萨奇队)#T0,4,战斗机
G0150,F4U(VF-17“海盗”中队)#T0,4,战斗机
G0151,F6F地狱猫#T3,4,战斗机
G0152,F7F虎猫#T0,4,战斗机
G0153,F8F熊猫#T0,4,战斗机
G0154,试作型XF5U飞碟#T0,4,战斗机
G0155,F6F地狱猫(HVAR搭载型)#T0,4,战斗机
G0156,海喷火FR.47#T0,4,战斗机
G0157,海毒牙#T3,4,战斗机
G0158,海怒#T0,4,战斗机
G0159,海大黄蜂#T0,4,战斗机
G0160,零战五二型#T3,4,战斗机
G0161,烈风#T3,4,战斗机
G0162,紫电改二#T0,4,战斗机
G0163,试作型紫电改四#T0,4,战斗机
G0164,Me-155A舰载战斗机#T3,4,战斗机
G0166,试作舰载型FW-190 A-6/R6#T0,4,战斗机
G0167,试作舰载型FW-190 G-3/R1#T0,4,战斗机
G0168,TBD蹂躏者(VT-8中队)#T0,4,鱼雷机
G0169,TBM复仇者(VT-18中队)#T0,4,鱼雷机
G0170,XTB2D-1天空海盗#T0,4,鱼雷机
G0171,剑鱼(818中队)#T0,4,鱼雷机
G0172,梭鱼#T3,4,鱼雷机
G0173,火把#T0,4,鱼雷机
G0174,火冠#T0,4,鱼雷机
G0175,流星#T3,4,鱼雷机
G0176,流星改#T0,4,鱼雷机
G0178,Ju-87 D-4#T0,4,鱼雷机
G0179,FW-190 F-8/U2#T0,4,鱼雷机
G0182,BR.810#T0,4,鱼雷机
G0183,F4U海盗（VBF-94中队）#T0,4,轰炸机
G0184,SBD无畏(麦克拉斯基队)#T0,4,轰炸机
G0185,实验型XSB3C-1#T0,4,轰炸机
G0186,BTD-1毁灭者#T3,4,轰炸机
G0187,萤火虫(轰炸机)#T0,4,轰炸机
G0188,萤火虫(1771中队)#T0,4,轰炸机
G0189,梭鱼(831中队)#T0,4,轰炸机
G0190,彗星(轰炸机)#T3,4,轰炸机
G0191,彗星一二型甲#T0,4,轰炸机
G0192,彗星二一型#T0,4,轰炸机
G0194,试作舰载型Su-6#T0,4,轰炸机
G0195,LN.401#T0,4,轰炸机
G0197,TBM复仇者(VT-51中队)#T0,4,反潜机
G0198,塘鹅#T0,4,反潜机
G0199,开拓者奖章#T0,4,设备
G0200,华盛顿海军条约#T0,4,设备
G0201,舰艇维修设备#T3,4,设备
G0202,液压弹射装置#T3,4,设备
G0203,改良声呐#T3,4,设备
G0204,异世界冒险终端#T0,4,设备
G0205,漫游者#T0,4,设备
G0206,零号协议密钥#T0,4,设备
G0207,炽烈之歌#T0,4,设备
G0208,活力之歌#T0,4,设备
G0209,闪耀之歌#T0,4,设备
G0210,引力舞鞋#T0,4,设备
G0211,星云舞裙#T0,4,设备
G0212,「Alizarin」应援毛巾#T0,4,设备
G0213,「Cyanidin」应援毛巾#T0,4,设备
G0214,小海狸中队队徽#T0,4,设备
G0215,珍珠之泪#T0,4,设备
G0216,超重弹#T0,4,设备
G0217,白鹰精英损管#T0,4,设备
G0219,SG雷达#T3,4,设备
G0221,速运高速无人机#T0,4,设备
G0222,纳尔逊的旗语#T0,4,设备
G0223,6CRH穿甲弹#T0,4,设备
G0225,小王冠#T0,4,设备
G0226,治愈系猫爪#T0,4,设备
G0227,一式穿甲弹#T0,4,设备
G0228,九三式纯氧鱼雷#T2,4,设备
G0229,VH装甲钢板#T0,4,设备
G0230,约定的证明#T0,4,设备
G0231,FuMO 25#T0,4,设备
G0232,533mm磁性鱼雷#T3,4,设备
G0233,改良型水下进气管#T0,4,设备
G0234,改良蓄电池阵列#T0,4,设备
G0235,艇壳改良设计案#T3,4,设备
G0236,四神之印#T0,4,设备
G0237,梅之语#T0,4,设备
G0238,“妖精魔法”海报#T0,4,设备
G0239,天使之羽#T0,4,设备
G0240,珍贵货物箱#T0,4,设备
G0241,随机单词生成器#T0,4,设备
G0242,晃悠悠#T0,4,设备
G0243,智慧模块#T0,4,设备
G0244,组徽#T0,4,设备
G0245,Gamers的证明#T0,4,设备
G0246,玉米灯笼#T0,4,设备
G0247,鮟鱇肝#T0,4,设备
G0248,千雷装饰笔#T0,4,设备
G0249,写真看板#T0,4,设备
G0250,幸运四叶草#T0,4,设备
G0251,觉醒宝珠#T0,4,设备
G0252,心之钥匙#T0,4,设备
G0253,偶像手环#T0,4,设备
G0254,征战巨坦#T0,4,设备
G0255,古立特圣剑#T0,4,设备
G0256,爆裂钻孔机#T0,4,设备
G0257,苍穹喷射机#T0,4,设备
G0258,戴拿爆能加农#T0,4,设备
G0259,煌翼炎龙#T0,4,设备
G0260,炙烈炎烧#T0,4,设备
G0261,结晶冰精#T0,4,设备
G0262,震耳雷球#T0,4,设备
G0263,涡旋风精#T0,4,设备
G0264,万灵药剂#T0,4,设备
G0265,神秘的羽衣#T0,4,设备
G0266,默示录#T0,4,设备
G0267,Ｎ／Ａ#T0,4,设备
G0268,创世之槌#T0,4,设备
G0269,泡云弹车#T0,4,设备
G0270,形意口琴#T0,4,设备
G0271,忍者大师徽章#T0,4,设备
G0272,忍者装束#T0,4,设备
G0273,忍术卷轴#T0,4,设备
G0274,咻咻料理君#T0,4,设备
G0275,嗡嗡倾听君#T0,4,设备
G0276,嘘嘘隐身君#T0,4,设备
G0277,嘻嘻加班君#T0,4,设备
G0278,嘭嘭速生君#T0,4,设备
G0279,噗噗氛围君#T0,4,设备
G0280,辉辉光环君#T0,4,设备
G0281,宏伟光辉#T0,4,设备
G0282,高级魔导书#T0,4,设备
G0283,最终陨石#T0,4,设备
G0284,神药球#T0,4,设备
G0285,地狱立方体#T0,4,设备
G0286,天恩浑仪#T0,4,设备
G0287,芙拉米#T0,4,设备
G0288,封解主（Michael）#T0,4,设备
G0289,灵结晶#T0,4,设备
G0290,超大饭团#T0,4,设备
G0291,刺猬弹#T0,4,设备
G0292,“九四式40厘米炮”部件#T0,4,"设备, 货物"
G0293,帝王蟹（附带小票）#T0,4,"设备, 货物"
G0294,木龙雕塑#T0,4,"设备, 货物"
G0295,上游-1#T0,4,导弹
G0296,上游-1甲#T0,4,导弹
G0297,127mm单装炮#T3,3,驱逐炮
G0298,双联装127mm副炮#T0,3,驱逐炮
G0299,双联装127mm高平两用炮Mk12#T2,3,驱逐炮
G0300,双联装102mm副炮Mark XVI#T0,3,驱逐炮
G0301,三联装102mm副炮#T3,3,驱逐炮
G0302,双联装120mm主炮(皇家)#T3,3,驱逐炮
G0303,双联装134mm高炮#T3,3,驱逐炮
G0304,双联100mm98式高射炮#T2,3,驱逐炮
G0305,100mm88式火炮#T0,3,驱逐炮
G0306,120mm单装高角炮#T0,3,驱逐炮
G0307,127mm连装炮#T3,3,驱逐炮
G0308,127mm连装炮改#T0,3,驱逐炮
G0309,双联装127mmKM40主炮#T0,3,驱逐炮
G0310,双联装128mmSKC41高平两用炮#T3,3,驱逐炮
G0311,双联装120mm炮Model1936#T3,3,驱逐炮
G0312,双联装120mm主炮(撒丁)#T3,3,驱逐炮
G0313,双联装135mm主炮Model1938#T2,3,驱逐炮
G0314,130mm单装炮#T3,3,驱逐炮
G0315,138.6mm单装炮Mle1929#T2,3,驱逐炮
G0316,双联装130mm主炮Mle1935#T3,3,驱逐炮
G0317,138.6mm单装炮Mle1927#T3,3,驱逐炮
G0318,三联装152mm主炮(白鹰)#T3,3,轻巡炮
G0319,双联装152mm主炮#T3,3,轻巡炮
G0320,三联装152mm主炮(皇家)#T3,3,轻巡炮
G0321,140mm连装炮#T3,3,轻巡炮
G0322,155mm三连装炮#T2,3,轻巡炮
G0323,152mm连装炮#T3,3,轻巡炮
G0324,单装SKC28式150mm主炮#T3,3,轻巡炮
G0325,双联装SKC28式150mm副炮#T0,3,轻巡炮
G0326,三联装SKC25式150mm主炮#T3,3,轻巡炮
G0327,三联装SKC25式150mm主炮改#T0,3,轻巡炮
G0328,双联装TbtsKC36式150mm主炮#T3,3,轻巡炮
G0329,单装TbtsKC36式150mm主炮#T3,3,轻巡炮
G0330,B-38 三联装152mm主炮MK-5#T2,3,轻巡炮
G0331,B-1-P 三联装180mm主炮Model1932#T2,3,轻巡炮
G0332,B-1-K 单装180mm主炮#T0,3,轻巡炮
G0333,B-38 双联装152mm主炮MK17#T0,3,轻巡炮
G0334,三联装203mm主炮Mk14#T0,3,重巡炮
G0335,三联装203mm主炮改进型#T3,3,重巡炮
G0336,双联装203mm主炮#T3,3,重巡炮
G0337,203mm连装炮#T3,3,重巡炮
G0338,203mm连装炮改#T3,3,重巡炮
G0339,双联装203mmSKC主炮#T2,3,重巡炮
G0340,双联203mm主炮Model1927#T2,3,重巡炮
G0341,双联装203mm主炮Mle1931#T2,3,重巡炮
G0342,双联装203mm主炮Mle1924#T3,3,重巡炮
G0343,三联283mmSKC28主炮#T3,3,大口径重巡炮
G0344,试作型四联装356mm主炮MkB#T0,3,战列炮
G0345,双联装406mm主炮Mk5#T3,3,战列炮
G0346,双联装406mm主炮Mk8#T0,3,战列炮
G0347,三联装406mm主炮Mk6#T3,3,战列炮
G0348,三联装406mm主炮Mk2#T0,3,战列炮
G0349,四联装356mm主炮#T2,3,战列炮
G0350,双联装356mm主炮#T0,3,战列炮
G0351,双联装381mm主炮#T3,3,战列炮
G0352,三联装406mm主炮#T2,3,战列炮
G0353,410mm连装炮#T3,3,战列炮
G0354,410mm连装炮改#T0,3,战列炮
G0355,三联283mmSKC34主炮#T3,3,战列炮
G0356,双联380mmSKC主炮#T2,3,战列炮
G0357,三联装381mm主炮Model1934#T2,3,战列炮
G0358,B-37 三联装406mm主炮MK-1#T2,3,战列炮
G0359,三联装356mm主炮Model1913#T0,3,战列炮
G0360,四联装330mm主炮Mle1931#T3,3,战列炮
G0361,四联装380mm主炮Mle1935#T2,3,战列炮
G0362,四联装533mm鱼雷#T3,3,水面鱼雷
G0363,五联装533mm鱼雷#T2,3,水面鱼雷
G0364,四联装533mm鱼雷Mk17#T0,3,水面鱼雷
G0365,四联装533mm鱼雷Mark IX#T0,3,水面鱼雷
G0366,三联装610mm鱼雷#T3,3,水面鱼雷
G0367,三联装610mm鱼雷改#T3,3,水面鱼雷
G0368,四联装610mm鱼雷#T2,3,水面鱼雷
G0369,三联装533mm磁性鱼雷#T3,3,水面鱼雷
G0370,四联装533mm磁性鱼雷#T2,3,水面鱼雷
G0371,五联装533mm磁性鱼雷#T1,3,水面鱼雷
G0372,三联装550mm鱼雷#T3,3,水面鱼雷
G0373,四联装550mm鱼雷#T3,3,水面鱼雷
G0374,四联装550mm鱼雷（弹药调整）#T3,3,水面鱼雷
G0375,潜艇用Mark 14鱼雷#T3,3,潜艇鱼雷
G0376,潜艇用Mark 18鱼雷#T0,3,潜艇鱼雷
G0377,潜艇用Mark 16鱼雷#T2,3,潜艇鱼雷
G0378,潜艇用Mark VIII鱼雷#T3,3,潜艇鱼雷
G0379,潜艇用92式潜射鱼雷改#T0,3,潜艇鱼雷
G0380,潜艇用92式潜射鱼雷#T3,3,潜艇鱼雷
G0381,潜艇用95式纯氧鱼雷#T2,3,潜艇鱼雷
G0382,潜艇用G7a鱼雷#T3,3,潜艇鱼雷
G0383,潜艇用G7e声导鱼雷#T2,3,潜艇鱼雷
G0384,潜艇用550mm24V鱼雷#T3,3,潜艇鱼雷
G0385,76mm高射炮改进型#T0,3,防空炮
G0386,双管20mm厄利孔高射炮#T3,3,防空炮
G0387,四联装20mm厄利孔高射炮Mk15#T0,3,防空炮
G0388,四联装28mm“芝加哥钢琴”#T3,3,防空炮
G0389,双联40mm博福斯对空机炮#T3,3,防空炮
G0390,四联40mm博福斯对空机炮#T2,3,防空炮
G0391,76mm高射炮(白鹰)#T3,3,防空炮
G0392,双联装40mm博福斯对空机炮Mark I#T0,3,防空炮
G0393,四联装40mm“砰砰”炮#T3,3,防空炮
G0394,八联装40mm“砰砰”炮#T2,3,防空炮
G0395,20mm厄利孔高射炮Mark II#T0,3,防空炮
G0396,双管20mm厄利孔高射炮Mark V#T0,3,防空炮
G0397,102mm高射炮#T3,3,防空炮
G0398,120mm高射炮Mark VIII#T0,3,防空炮
G0399,双联装113mm高射炮#T2,3,防空炮
G0400,25mm连装高射机枪#T3,3,防空炮
G0401,25mm三连装高射机枪#T3,3,防空炮
G0402,毘式40mm连装机枪#T3,3,防空炮
G0403,76mm高射炮(重樱)#T3,3,防空炮
G0404,80mm高射炮#T0,3,防空炮
G0405,127mm连装高射炮#T3,3,防空炮
G0406,双联装88mmSKC32高炮#T0,3,防空炮
G0407,双联37mm手拉机枪#T3,3,防空炮
G0408,双联37mm Flak M43机枪#T0,3,防空炮
G0409,双联105mmSKC高炮#T2,3,防空炮
G0410,单装40mm Flak28机炮#T0,3,防空炮
G0411,90mm单装高角炮Model1939#T2,3,防空炮
G0412,双联37mm机枪Model1932#T3,3,防空炮
G0413,单装65mmModel1939高炮#T3,3,防空炮
G0414,双联装Breda20mm高炮#T3,3,防空炮
G0415,37mm防空炮70-K#T3,3,防空炮
G0416,B-54 100mm双联装防空炮#T3,3,防空炮
G0417,B-34 100mm双联装防空炮MZ-14#T3,3,防空炮
G0418,双联37mm高射炮Mle1933#T3,3,防空炮
G0419,双联装100mm高炮Mle1937#T3,3,防空炮
G0420,试作型XF2A-4水牛#T0,3,战斗机
G0421,F4F野猫#T3,3,战斗机
G0422,F4U海盗#T3,3,战斗机
G0423,F6F地狱猫#T2,3,战斗机
G0424,XF5F天箭#T0,3,战斗机
G0425,海喷火#T3,3,战斗机
G0426,海毒牙#T2,3,战斗机
G0427,零战二一型#T3,3,战斗机
G0428,零战三二型#T0,3,战斗机
G0429,零战五二型#T2,3,战斗机
G0430,烈风#T2,3,战斗机
G0431,BF-109T舰载战斗机#T3,3,战斗机
G0432,试作舰载型FW-190 A-5#T0,3,战斗机
G0433,Me-155A舰载战斗机#T2,3,战斗机
G0434,G.50箭式战斗机#T3,3,战斗机
G0435,Re.2001公羊#T3,3,战斗机
G0436,试作舰载型Yak-1#T0,3,战斗机
G0437,试作舰载型Yak-3#T0,3,战斗机
G0438,试作舰载型Yak-7#T0,3,战斗机
G0439,D.790#T0,3,战斗机
G0440,TBF复仇者#T3,3,鱼雷机
G0441,剑鱼#T3,3,鱼雷机
G0442,梭鱼#T2,3,鱼雷机
G0443,青花鱼#T3,3,鱼雷机
G0444,天山#T3,3,鱼雷机
G0445,天山改#T0,3,鱼雷机
G0446,流星#T2,3,鱼雷机
G0447,Fi-167舰载鱼雷机#T0,3,鱼雷机
G0448,Late.299#T0,3,鱼雷机
G0449,SB2C地狱俯冲者#T3,3,轰炸机
G0450,BTD-1毁灭者#T2,3,轰炸机
G0451,海燕#T3,3,轰炸机
G0452,九九式舰爆#T3,3,轰炸机
G0453,九九式舰爆改#T0,3,轰炸机
G0454,彗星(轰炸机)#T2,3,轰炸机
G0455,Ju-87C俯冲轰炸机#T3,3,轰炸机
G0456,LBSh#T0,3,轰炸机
G0457,V-156-F#T0,3,轰炸机
G0458,二式水上战斗机#T0,3,水上机
G0459,强风#T0,3,水上机
G0460,瑞云#T3,3,水上机
G0461,晴岚#T0,3,水上机
G0462,FBA 19#T3,3,水上机
G0463,TBM-3复仇者(反潜)#T3,3,反潜机
G0464,剑鱼Mark II-ASV(反潜)#T3,3,反潜机
G0465,Fl-282直升机#T0,3,"直升机, 设备"
G0466,侦察报告·纽约近海#T0,3,设备
G0467,机密文件·极地海峡#T0,3,设备
G0468,舰艇维修设备#T2,3,设备
G0469,防鱼雷隔舱#T3,3,设备
G0470,液压弹射装置#T2,3,设备
G0471,改良锅炉#T3,3,设备
G0472,燃油滤清器#T3,3,设备
G0473,航空副油箱#T3,3,设备
G0474,链式装弹机#T3,3,设备
G0475,陀螺仪#T3,3,设备
G0476,维修工具#T3,3,设备
G0477,基础声呐#T3,3,设备
G0478,改良声呐#T2,3,设备
G0479,高压氧气瓶#T0,3,设备
G0480,航空整备小组#T0,3,设备
G0481,对抗模拟指令#T0,3,设备
G0482,通天之匣#T0,3,设备
G0483,奇怪装置「D」#T0,3,设备
G0484,联合演习纪念币（限定版）#T0,3,设备
G0485,我的宝贝鲸鱼#T0,3,设备
G0486,导演的剧本书#T0,3,设备
G0487,系统通缉者#T0,3,设备
G0488,100/150号航空燃油#T0,3,设备
G0489,作战报告：AF#T0,3,设备
G0490,对空雷达#T3,3,设备
G0491,火控雷达#T3,3,设备
G0492,SG雷达#T2,3,设备
G0493,雪顶之梦#T0,3,设备
G0494,星海B2O区通行证#T0,3,设备
G0495,孟菲斯之蓝#T0,3,设备
G0496,海蓝色之谜#T0,3,设备
G0497,PBY-5A卡特琳娜水上机#T0,3,设备
G0498,归航信标#T0,3,设备
G0499,破损的演讲稿#T0,3,设备
G0500,阿尔比恩的报告书#T0,3,设备
G0501,女王的日程表(绝密)#T0,3,设备
G0502,九一式穿甲弹#T0,3,设备
G0503,九八式射击延迟装置#T0,3,设备
G0504,九三式纯氧鱼雷#T1,3,设备
G0505,94式高射装置#T0,3,设备
G0506,VC装甲钢板#T0,3,设备
G0507,结界通行凭证#T0,3,设备
G0508,「神石样本」研究笔记#T0,3,设备
G0509,刺绣锦囊#T0,3,设备
G0510,被定格的彼岸花#T0,3,设备
G0511,重樱的邀请函#T0,3,设备
G0512,艇壳改良设计案#T2,3,设备
G0513,“宁海号”水上侦察机#T0,3,设备
G0514,寰昌的钓鱼竿#T0,3,设备
G0515,伏波的计划书#T0,3,设备
G0516,拍卖会请柬#T0,3,设备
G0517,香蝶戏竹#T0,3,设备
G0518,香蝶弄梅#T0,3,设备
G0519,撒丁的邀请函#T0,3,设备
G0520,绿洲无液气压计#T0,3,设备
G0521,博览会纪念票#T0,3,设备
G0522,黑日之冕#T0,3,设备
G0523,机密文件·日志残卷#T0,3,设备
G0524,海魂迷彩#T0,3,设备
G0525,作战报告·极地风暴#T0,3,设备
G0526,「审判号」启动钥匙#T0,3,设备
G0527,搞笑担当#T0,3,设备
G0528,十字胸针#T0,3,设备
G0529,郁金香花束#T0,3,设备
G0530,球形实心弹#T0,3,设备
G0531,帆索组件#T0,3,设备
G0532,飓风旗#T0,3,设备
G0533,果蔬补给品#T0,3,设备
G0534,航海望远镜#T0,3,设备
G0535,葡萄弹#T0,3,设备
G0536,酒饮补给品#T0,3,设备
G0537,自由群岛邀请函#T0,3,设备
G0538,改良深弹投射器#T3,3,设备
G0539,兵装补给(航空)#T0,3,"设备, 货物"
G0540,兵装补给(中小口径武器)#T0,3,"设备, 货物"
G0541,兵装补给(鱼雷)#T0,3,"设备, 货物"
G0542,戊型水上机#T0,3,"设备, 货物"
G0543,76mm火炮#T3,2,驱逐炮
G0544,127mm单装炮早期型#T0,2,驱逐炮
G0545,127mm单装炮#T2,2,驱逐炮
G0546,双联装127mm高平两用炮Mk12#T1,2,驱逐炮
G0547,单装102mm副炮#T3,2,驱逐炮
G0548,双联装102mm副炮#T3,2,驱逐炮
G0549,三联装102mm副炮#T2,2,驱逐炮
G0550,120mm单装炮(皇家)#T3,2,驱逐炮
G0551,双联装120mm主炮(皇家)#T2,2,驱逐炮
G0552,双联装134mm高炮#T2,2,驱逐炮
G0553,双联100mm98式高射炮#T1,2,驱逐炮
G0554,120mm单装炮(重樱)#T3,2,驱逐炮
G0555,十一年式120mm单装炮#T0,2,驱逐炮
G0556,127mm连装炮#T2,2,驱逐炮
G0557,127mm单装两用炮#T0,2,驱逐炮
G0558,单装127mm主炮#T3,2,驱逐炮
G0559,双联装128mmSKC41高平两用炮#T2,2,驱逐炮
G0560,双联装120mm炮Model1933#T0,2,驱逐炮
G0561,双联装135mm主炮Model1938#T1,2,驱逐炮
G0562,130mm单装炮#T2,2,驱逐炮
G0563,B-13 双联装130mm主炮B-2LM#T1,2,驱逐炮
G0564,130mm单装炮Model1913#T0,2,驱逐炮
G0565,四联装130mm副炮Mle1932#T0,2,驱逐炮
G0566,130mm单装炮Mle1924#T3,2,驱逐炮
G0567,138.6mm单装炮Mle1929#T1,2,驱逐炮
G0568,138.6mm单装炮Mle1927#T2,2,驱逐炮
G0569,138.6mm单装炮Mle1923#T3,2,驱逐炮
G0570,12磅长管炮#T1,2,驱逐炮
G0571,旧式重火炮#T1,2,驱逐炮
G0572,双联152mm主炮#T3,2,轻巡炮
G0573,双联152mm主炮Mk15#T0,2,轻巡炮
G0574,三联装152mm主炮(白鹰)#T2,2,轻巡炮
G0575,单装152mm副炮#T3,2,轻巡炮
G0576,双联装152mm副炮#T0,2,轻巡炮
G0577,双联装152mm主炮#T2,2,轻巡炮
G0578,140mm单装炮#T3,2,轻巡炮
G0579,152mm单装炮#T3,2,轻巡炮
G0580,140mm连装炮#T2,2,轻巡炮
G0581,155mm三连装炮#T1,2,轻巡炮
G0582,152mm连装炮#T2,2,轻巡炮
G0583,单装SKC28式150mm主炮#T2,2,轻巡炮
G0584,三联装SKC25式150mm主炮#T2,2,轻巡炮
G0585,双联装TbtsKC36式150mm主炮#T2,2,轻巡炮
G0586,三联装152mm主炮Model1934#T1,2,轻巡炮
G0587,单装152mm主炮#T3,2,轻巡炮
G0588,B-38 三联装152mm主炮MK-5#T1,2,轻巡炮
G0589,双联装152mm主炮Model1892#T3,2,轻巡炮
G0590,B-1-P 三联装180mm主炮Model1932#T1,2,轻巡炮
G0591,三联装152mm主炮Mle1930#T3,2,轻巡炮
G0592,双联装155mm主炮Mle1920#T0,2,轻巡炮
G0593,单装155mm副炮Mle1920#T0,2,轻巡炮
G0594,三联装203mm主炮#T3,2,重巡炮
G0595,三联装203mm主炮Mk13#T0,2,重巡炮
G0596,三联装203mm主炮改进型#T2,2,重巡炮
G0597,双联装203mm主炮#T2,2,重巡炮
G0598,203mm连装炮#T2,2,重巡炮
G0599,双联装203mmSKC主炮#T1,2,重巡炮
G0600,双联203mm主炮Model1927#T1,2,重巡炮
G0601,双联装203mm主炮Mle1924(潜艇用)#T0,2,絮库夫炮
G0602,双联装203mm主炮Mle1931#T1,2,重巡炮
G0603,三联283mmSKC28主炮#T2,2,大口径重巡炮
G0604,三联装356mm主炮#T3,2,战列炮
G0605,双联装406mm主炮Mk1#T0,2,战列炮
G0606,双联装406mm主炮Mk5#T2,2,战列炮
G0607,三联装406mm主炮Mk6#T2,2,战列炮
G0608,四联装356mm主炮#T1,2,战列炮
G0609,双联装381mm主炮#T2,2,战列炮
G0610,三联装406mm主炮#T1,2,战列炮
G0611,305mm连装炮#T0,2,战列炮
G0612,356mm连装炮#T3,2,战列炮
G0613,356mm毘式连装炮#T0,2,战列炮
G0614,410mm连装炮#T2,2,战列炮
G0615,三联283mmSKC34主炮#T2,2,战列炮
G0616,双联380mmSKC主炮#T1,2,战列炮
G0617,三联装381mm主炮Model1934#T1,2,战列炮
G0618,三联装320mm主炮Model1934#T0,2,战列炮
G0619,三联装305mm主炮Model1909#T3,2,战列炮
G0620,双联装381mm主炮Model1914#T3,2,战列炮
G0621,B-37 三联装406mm主炮MK-1#T1,2,战列炮
G0622,三联装305mm主炮Model1907#T3,2,战列炮
G0623,四联装330mm主炮Mle1931#T2,2,战列炮
G0624,四联装380mm主炮Mle1935#T1,2,战列炮
G0625,四联装340mm主炮Mle1912#T3,2,战列炮
G0626,旧式半加农炮#T1,2,战列炮
G0627,三联装533mm鱼雷#T3,2,水面鱼雷
G0628,四联装533mm鱼雷#T2,2,水面鱼雷
G0629,五联装533mm鱼雷#T1,2,水面鱼雷
G0630,三联装533mm鱼雷Mk17#T0,2,水面鱼雷
G0631,三联装533mm鱼雷Mark IX#T0,2,水面鱼雷
G0632,双联装610mm鱼雷#T3,2,水面鱼雷
G0633,三联装610mm鱼雷#T2,2,水面鱼雷
G0634,四联装610mm鱼雷#T1,2,水面鱼雷
G0635,三联装533mm磁性鱼雷#T2,2,水面鱼雷
G0636,四联装533mm磁性鱼雷#T1,2,水面鱼雷
G0637,双联装550mm鱼雷#T3,2,水面鱼雷
G0638,潜艇用Mark 14鱼雷#T2,2,潜艇鱼雷
G0639,潜艇用Mark 16鱼雷#T1,2,潜艇鱼雷
G0640,潜艇用92式潜射鱼雷#T2,2,潜艇鱼雷
G0641,潜艇用95式纯氧鱼雷#T1,2,潜艇鱼雷
G0642,潜艇用G7a鱼雷#T2,2,潜艇鱼雷
G0643,潜艇用G7e声导鱼雷#T1,2,潜艇鱼雷
G0644,潜艇用533mm鱼雷Si 270#T1,2,潜艇鱼雷
G0645,潜艇用550mm24V鱼雷#T2,2,潜艇鱼雷
G0646,12.7mm防空机枪#T3,2,防空炮
G0647,20mm厄利孔高射炮#T3,2,防空炮
G0648,双管20mm厄利孔高射炮#T2,2,防空炮
G0649,四联装28mm“芝加哥钢琴”#T2,2,防空炮
G0650,双联40mm博福斯对空机炮#T2,2,防空炮
G0651,四联40mm博福斯对空机炮#T1,2,防空炮
G0652,76mm高射炮(白鹰)#T2,2,防空炮
G0653,双联装40mm“砰砰”炮#T3,2,防空炮
G0654,四联装40mm“砰砰”炮#T2,2,防空炮
G0655,八联装40mm“砰砰”炮#T1,2,防空炮
G0656,102mm高射炮#T2,2,防空炮
G0657,双联装113mm高射炮#T1,2,防空炮
G0658,25mm高射机枪#T3,2,防空炮
G0659,25mm连装高射机枪#T2,2,防空炮
G0660,25mm三连装高射机枪#T2,2,防空炮
G0661,毘式40mm连装机枪#T2,2,防空炮
G0662,127mm连装高射炮#T2,2,防空炮
G0663,四联装20mm MG机枪#T3,2,防空炮
G0664,37mm机枪#T3,2,防空炮
G0665,双联37mm手拉机枪#T2,2,防空炮
G0666,双联105mmSKC高炮#T1,2,防空炮
G0667,90mm单装高角炮Model1939#T1,2,防空炮
G0668,双联37mm机枪Model1932#T2,2,防空炮
G0669,双联装Breda13.2mm高炮#T3,2,防空炮
G0670,100mm双联装防空炮SM-5-1s#T1,2,防空炮
G0671,37mm防空炮70-K#T2,2,防空炮
G0672,B-54 100mm双联装防空炮#T2,2,防空炮
G0673,B-34 100mm双联装防空炮MZ-14#T2,2,防空炮
G0674,双联装100mm高炮#T3,2,防空炮
G0675,37mm高射炮Mle1925#T3,2,防空炮
G0676,F2A水牛#T3,2,战斗机
G0677,F4F野猫#T2,2,战斗机
G0678,F4U海盗#T2,2,战斗机
G0679,F6F地狱猫#T1,2,战斗机
G0680,海喷火#T2,2,战斗机
G0681,海毒牙#T1,2,战斗机
G0682,海斗士#T3,2,战斗机
G0683,海飓风#T3,2,战斗机
G0684,九六式舰战#T3,2,战斗机
G0685,零战二一型#T2,2,战斗机
G0686,零战五二型#T1,2,战斗机
G0687,烈风#T1,2,战斗机
G0688,BF-109T舰载战斗机#T2,2,战斗机
G0689,Ar-197舰载战斗机#T0,2,战斗机
G0690,Me-155A舰载战斗机#T1,2,战斗机
G0691,I-15#T0,2,战斗机
G0692,GL.2舰载战斗机#T0,2,战斗机
G0693,LGL.32#T0,2,战斗机
G0694,TBD蹂躏者#T3,2,鱼雷机
G0695,TBF复仇者#T2,2,鱼雷机
G0696,剑鱼#T2,2,鱼雷机
G0697,梭鱼#T1,2,鱼雷机
G0698,青花鱼#T2,2,鱼雷机
G0699,九七式舰攻#T3,2,鱼雷机
G0700,九七式舰攻改#T0,2,鱼雷机
G0701,天山#T2,2,鱼雷机
G0702,流星#T1,2,鱼雷机
G0703,Ar-195舰载鱼雷机#T0,2,鱼雷机
G0704,PL.7舰载鱼雷机#T0,2,鱼雷机
G0705,PL.10#T0,2,鱼雷机
G0706,SBD无畏#T3,2,轰炸机
G0707,SB2C地狱俯冲者#T2,2,轰炸机
G0708,BTD-1毁灭者#T1,2,轰炸机
G0709,贼鸥#T3,2,轰炸机
G0710,海燕#T2,2,轰炸机
G0711,九九式舰爆#T2,2,轰炸机
G0712,彗星(轰炸机)#T1,2,轰炸机
G0713,Ju-87C俯冲轰炸机#T2,2,轰炸机
G0714,He-50b舰载轰炸机#T0,2,轰炸机
G0715,R-5轰炸机#T0,2,轰炸机
G0716,瑞云#T2,2,水上机
G0717,FBA 19#T2,2,水上机
G0718,TBM-3复仇者(反潜)#T2,2,反潜机
G0719,剑鱼Mark II-ASV(反潜)#T2,2,反潜机
G0720,舰艇维修设备#T1,2,设备
G0721,防鱼雷隔舱#T2,2,设备
G0722,液压弹射装置#T1,2,设备
G0723,电动扬弹机#T3,2,设备
G0724,液压舵机#T3,2,设备
G0725,改良锅炉#T2,2,设备
G0726,海军迷彩#T3,2,设备
G0727,燃油滤清器#T2,2,设备
G0728,航空副油箱#T2,2,设备
G0729,链式装弹机#T2,2,设备
G0730,陀螺仪#T2,2,设备
G0731,维修工具#T2,2,设备
G0732,灭火器#T3,2,设备
G0733,基础声呐#T2,2,设备
G0734,改良声呐#T1,2,设备
G0735,对空雷达#T2,2,设备
G0736,火控雷达#T2,2,设备
G0737,SG雷达#T1,2,设备
G0738,改良深弹投射器#T2,2,设备
G0739,基础深弹投射器#T3,2,设备
G0740,76mm火炮#T1,1,驱逐炮
G0741,76mm火炮#T2,1,驱逐炮
G0742,127mm单装炮#T1,1,驱逐炮
G0743,单装102mm副炮#T1,1,驱逐炮
G0744,单装102mm副炮#T2,1,驱逐炮
G0745,双联装102mm副炮#T1,1,驱逐炮
G0746,双联装102mm副炮#T2,1,驱逐炮
G0747,三联装102mm副炮#T1,1,驱逐炮
G0748,120mm单装炮(皇家)#T1,1,驱逐炮
G0749,120mm单装炮(皇家)#T2,1,驱逐炮
G0750,双联装120mm主炮(皇家)#T1,1,驱逐炮
G0751,双联装134mm高炮#T1,1,驱逐炮
G0752,120mm单装炮(重樱)#T1,1,驱逐炮
S1-007,试作型三联装406mm主炮Mk6,5,x
G0754,试作型三联装152mm主炮Mk17,4,test
